ID,Nombre,Dirección,Número,Código postal,location/lat,location/lon,Tipo de estación,punto_geo,cvegeo
109,109 NEZAHUALCOYOTL-ISABEL LA CATOLICA,109 - Nezahualcóyotl-Isabel la Católica,S/N,6500,19.425311,-99.137421,BIKE,"19.425311,-99.137421",0901500010964
102,102 ECHEVESTE-BOLIVAR,102 - Echeveste-Bolivar,S/N,,19.42821,-99.13949,BIKE,"19.42821,-99.13949",090150001088A
414,414 PARROQUIA-JOSÉ IGNACIO BARTOLACHE,414 - Parroquia-José Ignacio Bartolache,S/N,3104,19.370187,-99.173712,BIKE,"19.370187,-99.173712",0901400010806
416,416 RECREO-PARROQUÍA,416 - Recreo-Parroquía,S/N,3104,19.371308,-99.177607,BIKE,"19.371308,-99.177607",0901400010806
415,415 SAN FRANCISCO-PARROQUÍA,415 - San Francisco-Parroquía,S/N,3104,19.371498,-99.17602,BIKE,"19.371498,-99.17602",0901400010806
350,350 JOSE CLEMENTE OROZCO-CORREGGIO,350 - Jose Clemente Orozco-Correggio,S/N,3710,19.384062,-99.181482,BIKE,"19.384062,-99.181482",0901400010562
363,363 HOLBEIN-PAULO UCELLO,363 - Holbein-Paulo Ucello,S/N,3710,19.380813,-99.183851,BIKE,"19.380813,-99.183851",0901400010562
392,392 PATRICIO SANZ-FELIX CUEVAS,392 - Patricio Sanz-Felix Cuevas,S/N,3200,19.3730067,-99.1747749,BIKE,"19.3730067,-99.1747749",0901400010736
395,395 SAN LORENZO-CALLEJÓN MARTÍN MENLALDE,395 - San Lorenzo-Callejón Martín Menlalde,S/N,3104,19.373742,-99.169814,BIKE,"19.373742,-99.169814",0901400010736
394,394 DR. ROBERTO GAYOL-FELIX CUEVAS,394 - Dr. Roberto Gayol-Felix Cuevas,S/N,3104,19.372437,-99.171592,BIKE,"19.372437,-99.171592",0901400010736
413,413 PARROQUIA-AVENIDA COYOACÁN,413 - Parroquia-Avenida Coyoacán,S/N,3104,19.369782,-99.171906,BIKE,"19.369782,-99.171906",0901400010736
393,393 ADOLFO PRIETO-FELIX CUEVAS,393 - Adolfo Prieto-Felix Cuevas,S/N,3200,19.372796,-99.172558,"BIKE,TPV","19.372796,-99.172558",0901400010736
398,398 SANCHEZ AZCONA-FELIX CUEVAS,398 - Sanchez Azcona-Felix Cuevas,S/N,3104,19.37103,-99.16566,BIKE,"19.37103,-99.16566",0901400010755
397,397 SAN LORENZO-GABRIEL MANCERA,397 - San Lorenzo-Gabriel Mancera,S/N,3104,19.373194,-99.167247,BIKE,"19.373194,-99.167247",0901400010755
399,399 HERIBERTO FRÍAS-SAN LORENZO,399 - Heriberto Frías-San Lorenzo,S/N,3104,19.372407,-99.164519,BIKE,"19.372407,-99.164519",0901400010755
400,400 SAN LORENZO-HERIBERTO FRIAS,400 - San Lorenzo-Heriberto Frias,S/N,3104,19.3726458,-99.1642743,BIKE,"19.3726458,-99.1642743",0901400010755
374,374 PITÁGORAS-PILARES,374 - Anaxágoras-Pilares,S/N,3100,19.376964,-99.161116,"BIKE,TPV","19.376964,-99.161116",0901400010613
360,E360 HERIBERTO FRÍAS-MATIAS ROMERO,360 - Heriberto Frías-Matias Romero,S/N,3100,19.3790279,-99.1628259,ELECTRIC_BIKE,"19.3790279,-99.1628259",0901400010613
359,359 MATIAS ROMERO -PESTALLOZZI,359 - Matias Romero -Pestallozzi,S/N,3100,19.379269,-99.161169,"BIKE,TPV","19.379269,-99.161169",0901400010613
377,377 HERIBERTO FRÍAS-MIGUEL LAURENT,377 - Heriberto Frías-Miguel Laurent,S/N,3104,19.375394,-99.16375,BIKE,"19.375394,-99.16375",0901400010613
358,358 NICOLAS SAN JUAN-MATIAS ROMERO,358 - Nicolas San Juan-Matias Romero,S/N,3100,19.380168,-99.164222,BIKE,"19.380168,-99.164222",0901400010613
163,163 TOLUCA-BAJÍO,163 - Toluca-Bajío,S/N,,19.405246,-99.156431,BIKE,"19.405246,-99.156431",0901500011479
371,371 TLACOQUEMECATL-CAPULIN,371 - Tlacoquemecatl-Capulin,S/N,3200,19.378542,-99.174328,BIKE,"19.378542,-99.174328",0901400010721
380,380 MORAS-SAN LORENZO,380 - Moras-San Lorenzo,S/N,3200,19.374876,-99.173512,BIKE,"19.374876,-99.173512",0901400010721
36,36 PUEBLA-VERACRUZ,036 - Puebla - Veracruz,S/N,6140,19.419725,-99.175778,"BIKE,TPV","19.419725,-99.175778",0901500011089
38,38 COZUMEL-PUEBLA,038 - Cozumel - PUEBLA,S/N,6700,19.420801,-99.171407,BIKE,"19.420801,-99.171407",0901500011089
37,37 GUADALAJARA-PUEBLA,037 - Guadalajara - Puebla,S/N,6700,19.420419,-99.172676,BIKE,"19.420419,-99.172676",0901500011089
449,E449 ACAPULCO-PUEBLA,449 ACAPULCO-PUEBLA,S/N,,19.42018,-99.174393,ELECTRIC_BIKE,"19.42018,-99.174393",0901500011089
406,406 PARROQUIA AV. MEXICO-COYOACAN,406 - Parroquia Av. Mexico-Coyoacan,S/N,3310,19.367831,-99.163261,BIKE,"19.367831,-99.163261",090140001083A
401,401 SAN LORENZO-AVENIDA CUAUHTEMOC,401 - San Lorenzo-Avenida Cuauhtemoc,S/N,3310,19.372147,-99.16158,BIKE,"19.372147,-99.16158",090140001083A
427,427 AVENIDA MÉXICO-COYOACAN-AV. POPOCATEPETL (EJE,427 - Avenida México-Coyoacan-Av. Popocatepetl (Eje,S/N,3310,19.365023,-99.162993,BIKE,"19.365023,-99.162993",090140001083A
441,441 PUENTE XOCO-REAL DE MAYORAZGO,441 - Puente Xoco-Real De Mayorazgo,S/N,3330,19.361215,-99.167527,BIKE,"19.361215,-99.167527",0901400010952
442,442 REAL DE MAYORAZGO-AVENIDA MÉXICO-COYOACAN,442 - Real De Mayorazgo-Avenida México-Coyoacan,S/N,3330,19.359905,-99.1653,"BIKE,TPV","19.359905,-99.1653",0901400010952
426,426 CERRADA DE POPOCATEPETL-AV. POPOCATEPETL (EJE,426 - Cerrada De Popocatepetl-Av. Popocatepetl (Eje,S/N,3330,19.365519,-99.166017,BIKE,"19.365519,-99.166017",0901400010952
343,343 ENRIQUE RÉBSAMEN-DIVISIÓN DEL NORTE,343 - Enrique Rébsamen-División Del Norte,S/N,3100,19.384099,-99.160826,BIKE,"19.384099,-99.160826",0901400010416
338,338 NICOLAS SAN JUAN-SAN BORJA,338 - Nicolas San Juan-San Borja,S/N,3100,19.384249,-99.163273,BIKE,"19.384249,-99.163273",0901400010416
344,344 HERIBERTO FRÍAS-ANGEL URRAZA EJE 6 SUR,344 - Heriberto Frías-Angel Urraza Eje 6 Sur,S/N,3100,19.382107,-99.162243,BIKE,"19.382107,-99.162243",0901400010416
349,349 AUGUSTO RODIN-AVENIDA SAN ANTONIO,349 - Augusto Rodin-Avenida San Antonio,S/N,3840,19.385688,-99.180857,BIKE,"19.385688,-99.180857",090140001037A
379,379 DR. ROBERTO GAYOL-MIGUEL LAURENT,379 - Dr. Roberto Gayol-Miguel Laurent,S/N,3104,19.375751,-99.17084,BIKE,"19.375751,-99.17084",0901400010740
378,378 MIGUEL LAURENT-AMORES,378 - Miguel Laurent-Amores,S/N,3104,19.375823,-99.168076,BIKE,"19.375823,-99.168076",0901400010740
372,372 DR. ROBERTO GAYOL-TLACOQUEMECATL,372 - Dr. Roberto Gayol-Tlacoquemecatl,S/N,3104,19.37797,-99.170289,"BIKE,TPV","19.37797,-99.170289",0901400010740
440,440 REAL DE MAYORAZGO-PUENTE XOCO,440 - Real De Mayorazgo-Puente Xoco,S/N,3330,19.36065,-99.168669,BIKE,"19.36065,-99.168669",0901400010967
254,254 ALFONSO HERRERA-MIGUEL SHULTZ,254 - Alfonso Herrera-Miguel Shultz,S/N,,19.43935,-99.16007,BIKE,"19.43935,-99.16007",0901500010697
86,86 SULLIVAN-INSURGENTES,086 - Sullivan-Insurgentes,S/N,6470,19.432378,-99.159077,"BIKE,TPV","19.432378,-99.159077",0901500010697
263,263 SADI CARNOT-GÓMEZ FARIAS,263 - Sadi Carnot - Gómez Farias,S/N,,19.436274,-99.158425,"BIKE,TPV","19.436274,-99.158425",0901500010697
256,256 GÓMEZ FARÍAS-SADI CARNOT,256 - Gómez Farías Sadi Carnot,S/N,,19.4372,-99.15816,BIKE,"19.4372,-99.15816",0901500010697
323,323 CONCEPCIÓN BEISTEGUI-GABRIEL MANCERA,323 - Concepción Beistegui-Gabriel Mancera,S/N,3103,19.389026,-99.163403,BIKE,"19.389026,-99.163403",0901400010238
301,301 LUZ SAVIÑÓN-MAGDALENA,301 - Luz Saviñón-Magdalena,S/N,3103,19.393807,-99.171133,BIKE,"19.393807,-99.171133",0901400010238
317,317 AVENIDA COYOACÁN-TORRES ADALID,317 - Avenida Coyoacán-Torres Adalid,S/N,3103,19.391456,-99.166157,"BIKE,TPV","19.391456,-99.166157",0901400010238
291,291 MAGDALENA-DIVISIÓN DEL NORTE,291 - Magdalena-División Del Norte,S/N,3103,19.397651,-99.169946,BIKE,"19.397651,-99.169946",0901400010238
300,E300 PROVIDENCIA -LUZ SAVIÑON,300 - Providencia -Luz Saviñon,S/N,3103,19.393268,-99.168333,ELECTRIC_BIKE,"19.393268,-99.168333",0901400010238
316,316 SAN FRANCISCO-CONCEPCIÓN BEISTEGUI,316 - San Francisco-Concepción Beistegui,S/N,3103,19.391056,-99.1712,BIKE,"19.391056,-99.1712",0901400010238
336,336 SAN BORJA-CDA. BARTOLOCHE,336 - San Borja-Cda. Bartoloche,S/N,3100,19.385531,-99.169673,BIKE,"19.385531,-99.169673",0901400010399
325,325 PROVIDENCIA -AVENIDA DEL VALLE,325 - Providencia -Avenida Del Valle,S/N,3100,19.3881779,-99.1696894,BIKE,"19.3881779,-99.1696894",0901400010399
337,337 SAN BORJA-MARTÍN MENLALDE,337 - San Borja-Martín Menlalde,S/N,3100,19.384849,-99.16704,"BIKE,TPV","19.384849,-99.16704",0901400010401
324,324 AMORES-AVENIDA EUGENIA,324 - Amores-Avenida Eugenia,S/N,3100,19.3872468,-99.1656554,BIKE,"19.3872468,-99.1656554",0901400010401
298,298 ROMERO DE TERREROS-GABRIEL MANCERA,298 - Romero De Terreros-Gabriel Mancera,S/N,3103,19.394073,-99.16214,BIKE,"19.394073,-99.16214",0901400010257
321,321 TORRES ADALID-ANAXÁGORAS,321 - Torres Adalid-Anaxágoras,S/N,3020,19.389477,-99.157513,BIKE,"19.389477,-99.157513",0901400010257
320,320 ENRIQUE RÉBSAMEN-LUZ SAVIÑON,320 - Enrique Rébsamen-Luz Saviñon,S/N,3020,19.391323,-99.15936,BIKE,"19.391323,-99.15936",0901400010257
319,319 DIAGONAL SAN ANTONIO-LUZ SAVIÑON,319 - Diagonal San Antonio-Luz Saviñon,S/N,3103,19.391991,-99.162684,BIKE,"19.391991,-99.162684",0901400010257
296,E296 DIAGONAL SAN ANTONIO-ENRIQUE RÉBSAMEN,296 - Diagonal San Antonio-Enrique Rébsamen,S/N,3020,19.394283,-99.158756,ELECTRIC_BIKE,"19.394283,-99.158756",0901400010257
322,322 HERIBERTO FRÍAS-CONCEPCIÓN BEISTEGUI,322 - Heriberto Frías-Concepción Beistegui,S/N,3020,19.388528,-99.160616,BIKE,"19.388528,-99.160616",0901400010257
299,299 ROMERO DE TERREROS-MIER Y PESADO,299 - Romero De Terreros-Mier Y Pesado,S/N,3103,19.394601,-99.165054,BIKE,"19.394601,-99.165054",0901400010242
318,318 LUZ SAVIÑÓN-AMORES,318 - Luz Saviñón-Amores,S/N,3103,19.392249,-99.164127,BIKE,"19.392249,-99.164127",0901400010242
292,292 ADOLFO PRIETO-EJE 4 SUR XOLA,292 - Adolfo Prieto-Eje 4 Sur Xola,S/N,3103,19.396917,-99.166264,BIKE,"19.396917,-99.166264",0901400010242
305,305 AVENIDA DEL PARQUE-ARIZONA,305 - Avenida Del Parque-Arizona,S/N,3810,19.394693,-99.175531,"BIKE,TPV","19.394693,-99.175531",0901400010204
289,289 CHICAGO-YOSEMITE,289 - Chicago-Yosemite,S/N,3810,19.397308,-99.174548,BIKE,"19.397308,-99.174548",0901400010204
306,306 DAKOTA-FILADELFIA,306 - Dakota-Filadelfia,S/N,3810,19.393699,-99.175664,"BIKE,TPV","19.393699,-99.175664",0901400010204
307,307 MINESOTA-DAKOTA,307 - Minesota-Dakota,S/N,3810,19.393701,-99.175834,BIKE,"19.393701,-99.175834",0901400010204
303,303 MONTESITO-AV. INSURGENTES,303 - Montesito-Av. Insurgentes,S/N,3810,19.394842,-99.173025,"BIKE,TPV","19.394842,-99.173025",0901400010219
308,308 NUEVA YORK-ARIZONA,308 - Nueva York-Arizona,S/N,3810,19.393594,-99.178072,BIKE,"19.393594,-99.178072",0901400010219
304,304 MONTESITO-DAKOTA,304 - Montesito-Dakota,S/N,3810,19.395043,-99.173821,BIKE,"19.395043,-99.173821",0901400010219
314,314 NUERVA YORK-LOUISIANA,314 - Nuerva York-Louisiana,S/N,3810,19.391647,-99.177331,BIKE,"19.391647,-99.177331",0901400010219
309,309 PENNSYLVANIA-ARIZONA,309 - Pennsylvania-Arizona,S/N,3810,19.393162,-99.17956,BIKE,"19.393162,-99.17956",0901400010219
290,290 YOSEMITE-COLORADO,290 - Yosemite-Colorado,S/N,3810,19.396333,-99.172667,BIKE,"19.396333,-99.172667",0901400010219
284,284 DAKOTA-VERMONT,284 - Dakota-Vermont,S/N,3810,19.397693,-99.172981,BIKE,"19.397693,-99.172981",0901400010219
283,283 AV. COYOACÁN-RAFAEL DONDE,283 - Av. Coyoacán-Rafael Donde,S/N,3103,19.39827,-99.167383,BIKE,"19.39827,-99.167383",0901400010045
279,279 LA MORENA-PROVIDENCIA,279 - La Morena-Providencia,S/N,3103,19.399908,-99.166553,BIKE,"19.399908,-99.166553",0901400010045
294,294 NICOLÁS SAN JUAN-EJE 4 SUR XOLA,294 - Nicolás San Juan-Eje 4 Sur Xola,S/N,3020,19.396513,-99.160924,BIKE,"19.396513,-99.160924",090140001005A
293,293 MIER Y PESADO-EJE 4 SUR XOLA,293 - Mier Y Pesado-Eje 4 Sur Xola,S/N,3103,19.397373,-99.164598,"BIKE,TPV","19.397373,-99.164598",090140001005A
278,278 MIER Y PESADO-OBRERO MUNDIAL,278 - Mier Y Pesado-Obrero Mundial,S/N,3103,19.40071,-99.163831,BIKE,"19.40071,-99.163831",090140001005A
282,282 LA MORENA-EJE 2 PONIENTE GABRIEL MANCERA,282 - La Morena-Eje 2 Poniente Gabriel Mancera,S/N,3103,19.398692,-99.161273,BIKE,"19.398692,-99.161273",090140001005A
277,277 AMPLIACIÓN TONALÁ-OBRERO MUNDIAL,277 - Ampliación Tonalá-Obrero Mundial,S/N,3020,19.401807,-99.15909,BIKE,"19.401807,-99.15909",0901400010011
276,276 ANAXÁGORAS-OBRERO MUNDIAL,276 - Anaxágoras-Obrero Mundial,S/N,3020,19.401986,-99.156366,BIKE,"19.401986,-99.156366",0901400010011
404,404 MIGUEL LAURENT-AVENIDA DIVISIÓN DEL NORTE,404 - Miguel Laurent-Avenida División Del Norte,S/N,3650,19.373813,-99.157387,BIKE,"19.373813,-99.157387",0901400010774
405,405 DIVISIÓN DEL NORTE-MUNICIPIO LIBRE,405 - División Del Norte-Municipio Libre,S/N,3303,19.370619,-99.156626,BIKE,"19.370619,-99.156626",0901400010774
437,437 MORAS-COMUNAL,437 - Moras-Comunal,S/N,3240,19.36480833,-99.17602222,BIKE,"19.36480833,-99.17602222",0901400010933
436,436 RODRIGUEZ SARO-BUFALLO,436 - Rodriguez Saro-Bufallo,S/N,3240,19.366217,-99.177819,BIKE,"19.366217,-99.177819",0901400010933
438,438 ADOLFO PRIETO-JOSÉ MARÍA OLLOQUI,438 - Adolfo Prieto-José María Olloqui,S/N,3240,19.36479722,-99.17458333,BIKE,"19.36479722,-99.17458333",0901400010933
443,443 BRUNO TRAVEN-GOLONDRINAS,443 - Bruno Trave-Avenida México-Coyoacan,S/N,3340,19.359655,-99.162025,BIKE,"19.359655,-99.162025",0901400010971
432,432 CARRILLO PUERTO-AV. MÉXICO-COYOACÁN,432 - Carrillo Pto-Golondrinas,S/N,3340,19.361296,-99.162581,BIKE,"19.361296,-99.162581",0901400010971
428,428 PROLONGACIÓN UXMAL-AV. POPOCATEPETL (EJE 8),428 - Prolongación Uxmal-Av. Popocatepetl (Eje 8),S/N,3340,19.363418,-99.160353,BIKE,"19.363418,-99.160353",0901400010971
445,E445 RIFF-AVENIDA RIO CHURUBUSCO,445 - Riff-Avenida Rio Churubusco,S/N,3340,19.35827,-99.156105,ELECTRIC_BIKE,"19.35827,-99.156105",0901400010986
431,431 BRUNO TRAVEN-PAZ MONTES DE OCA,431 - Bruno Traven-Paz Montes De Oca,S/N,3340,19.36145,-99.15822,BIKE,"19.36145,-99.15822",0901400010986
446,446 RIFF-AVENIDA RIO CHURUBUSCO,446 - Riff-Avenida Rio Churubusco,S/N,3340,19.3586,-99.156101,"BIKE,TPV","19.3586,-99.156101",0901400010986
444,444 GENERAL MANUEL RINCÓN-AGUSTÍN GUTIERREZ,444 - General Manuel Rincón-Agustín Gutierrez,S/N,3340,19.359384,-99.159425,BIKE,"19.359384,-99.159425",0901400010986
430,430 TRIPOLI-AV. POPOCATEPETL (EJE 8),430 - Tripoli-Av. Popocatepetl (Eje 8),S/N,3310,19.362139,-99.154974,BIKE,"19.362139,-99.154974",0901400010986
422,422 BUFALO-JOSÉ MARÍA RICO (EJE 8),422 - Bufalo-José María Rico (Eje 8),S/N,3230,19.368356,-99.177487,BIKE,"19.368356,-99.177487",0901400010929
423,423 MORAS-JOSÉ MARÍA RICO (EJE 8),423 - Moras-José María Rico (Eje 8),S/N,3240,19.367631,-99.175342,BIKE,"19.367631,-99.175342",0901400010929
421,421 MARÍA LUZ BRINGAS-OSO,421 - María Luz Bringas-Oso,S/N,3230,19.369467,-99.179401,BIKE,"19.369467,-99.179401",0901400010929
328,328 AVENIDA 1-CALLE 7,328 - Avenida 1-Calle 7,S/N,3800,19.392586,-99.184742,BIKE,"19.392586,-99.184742",0901400010187
312,312 AVENIDA 2-CALLE 7,312 - Avenida 2-Calle 7,S/N,3800,19.392634,-99.183737,"BIKE,TPV","19.392634,-99.183737",0901400010187
311,311 CALLE 5-AVENIDA REVOLUCIÓN,311 - Calle 5-Avenida Revolución,S/N,3800,19.393665,-99.185391,BIKE,"19.393665,-99.185391",0901400010187
310,310 CALLE 1-AV. PATRIOTISMO,310 - Calle 1-Av. Patriotismo,S/N,3800,19.395319,-99.181733,BIKE,"19.395319,-99.181733",0901400010187
288,288 11 DE ABRIL-AVENIDA 2,288 - 11 De Abril-Avenida 2,S/N,3800,19.396333,-99.183575,BIKE,"19.396333,-99.183575",0901400010187
333,333 GEORGIA -CAROLINA,333 - Georgia -Carolina,S/N,3810,19.387624,-99.180978,BIKE,"19.387624,-99.180978",0901400010191
313,313 PENNSYLVANIA-OKLAHOMA,313 - Pennsylvania-Oklahoma,S/N,3810,19.391431,-99.178989,BIKE,"19.391431,-99.178989",0901400010191
326,326 EUGENIA-NEBRASKA,326 - Eugenia-Nebraska,S/N,3840,19.388978,-99.174811,BIKE,"19.388978,-99.174811",0901400010384
327,E327 GEORGIA -PENNSYLVANIA,327 - Georgia -Pennsylvania,S/N,3810,19.38885,-99.17772,ELECTRIC_BIKE,"19.38885,-99.17772",0901400010384
315,315 ALABAMA-MONTANA,315 - Alabama-Montana,S/N,3810,19.391472,-99.1736,BIKE,"19.391472,-99.1736",0901400010384
334,334 NUEVA YORK-AV. INSURGENTES,334 - Nuerva York-Av. Insurgentes,S/N,3840,19.386568,-99.175089,BIKE,"19.386568,-99.175089",0901400010384
346,346 SAN FRANCISCO-SANTA MARGARITA,346 - San Francisco-Santa Margarita,S/N,3100,19.385019,-99.174077,BIKE,"19.385019,-99.174077",0901400010223
302,302 LUZ SAVIÑON-MAGDALENA,302 - Luz Saviñon-Magdalena,S/N,3103,19.393832,-99.171466,BIKE,"19.393832,-99.171466",0901400010223
335,335 MAGDALENA-AMEYALCO,335 - Magdalena-Ameyalco,S/N,3100,19.387003,-99.173504,BIKE,"19.387003,-99.173504",0901400010223
357,357 MATIAS ROMERO -AMORES,357 - Matias Romero -Amores,S/N,3100,19.380598,-99.1669248,BIKE,"19.380598,-99.1669248",0901400010609
356,356 MATIAS ROMERO -ADOLFO PRIETO,356 - Matias Romero -Adolfo Prieto,S/N,3100,19.381292,-99.170171,BIKE,"19.381292,-99.170171",0901400010609
373,373 PILARES-GABRIEL MANCERA,373 - Pilares-Gabriel Mancera,S/N,3100,19.377968,-99.166663,BIKE,"19.377968,-99.166663",0901400010609
434,E434 JOSE MARÍA OLLOQUI-AMORES,434 - Jose María Olloqui-Amores,S/N,3104,19.363741,-99.171268,ELECTRIC_BIKE,"19.363741,-99.171268",0901400010948
439,439 AMORES-AVENIDA COYOACÁN,439 - Amores-Avenida Coyoacán,S/N,3240,19.36218889,-99.17246667,BIKE,"19.36218889,-99.17246667",0901400010948
433,433 JOSE MARÍA OLLOQUI-LOPÉZ COSTILLA,433 - Jose María Olloqui-Lopéz Costilla,S/N,3104,19.363558,-99.170819,BIKE,"19.363558,-99.170819",0901400010948
409,409 AZORES-DIVISIÓN DEL NORTE,409 - Azores-División Del Norte,S/N,3310,19.365102,-99.155499,BIKE,"19.365102,-99.155499",0901400010844
408,408 PROLONGACIÓN PETÉN-GENERAL EMILIANO ZAPATA,408 - Prolongación Petén-General Emiliano Zapata,S/N,3320,19.36677,-99.156843,BIKE,"19.36677,-99.156843",0901400010844
410,410 PROLONGACIÓN TAJÍN-PROLONGACIÓN REPÚBLICAS,410 - Prolongación Tajín-Prolongación Repúblicas,S/N,3310,19.36564,-99.158063,BIKE,"19.36564,-99.158063",0901400010844
429,429 PIRINEOS-AV. POPOCATEPETL (EJE 8),429 - Pirineos-Av. Popocatepetl (Eje 8),S/N,3310,19.363071,-99.158292,BIKE,"19.363071,-99.158292",0901400010844
407,407 PROL. XOCHICALCO-GENERAL EMILIANO ZAPATA,407 - Prolongación Xochicalco-General Emiliano Zapat,S/N,3320,19.367294,-99.158694,BIKE,"19.367294,-99.158694",0901400010844
342,342 ANAXÁGORAS-ANGEL URRAZA EJE 6 SUR,342 - Anaxágoras-Angel Urraza Eje 6 Sur,S/N,3020,19.381076,-99.159455,BIKE,"19.381076,-99.159455",0901400010628
376,376 PITÁGORAS-AV. UNIVERSIDAD,376 - Pitágoras-Av. Universidad,S/N,3650,19.375442,-99.161595,BIKE,"19.375442,-99.161595",090140001076A
403,403 UXMAL-MUNICIPIO LIBRE,403 - Uxmal-Municipio Libre,S/N,3310,19.371371,-99.158639,BIKE,"19.371371,-99.158639",090140001076A
402,402 UXMAL-MUNICIPIO LIBRE,402 - Uxmal-Municipio Libre,S/N,3310,19.3709452,-99.1587223,"BIKE,TPV","19.3709452,-99.1587223",090140001076A
375,375 TENAYUCA-DIVISIÓN DEL NORTE,375 - Tenayuca-División Del Norte,S/N,3650,19.376865,-99.158818,BIKE,"19.376865,-99.158818",090140001076A
411,411 PARROQUIA-AVENIDA MÉXICO-COYOACAN,411 - Parroquia-Avenida México-Coyoacan,S/N,3310,19.367864,-99.163626,BIKE,"19.367864,-99.163626",0901400010825
412,412 PARROQUIA-AVENIDA UNIVERSIDAD,412 - Parroquia-Avenida Universidad,S/N,3310,19.3684182,-99.1654145,"BIKE,TPV","19.3684182,-99.1654145",0901400010825
382,382 SAN LORENZO-AV. INSURGENTES,382 - San Lorenzo-Av. Insurgentes,S/N,3200,19.375591,-99.178084,BIKE,"19.375591,-99.178084",0901400010717
391,E391 OSO-FELIX CUEVAS,391 - Oso-Felix Cuevas,S/N,3104,19.373142,-99.178283,ELECTRIC_BIKE,"19.373142,-99.178283",0901400010717
420,420 MARÍA LUZ BRINGAS-OSO,420 - María Luz Bringas-Oso,S/N,3230,19.369723,-99.17964,BIKE,"19.369723,-99.17964",0901400010717
390,390 OSO-FELIX CUEVAS,390 - Oso-Felix Cuevas,S/N,3104,19.373228,-99.17826,"BIKE,TPV","19.373228,-99.17826",0901400010717
370,370 TLACOQUEMECATL-AV. INSURGENTES,370 - Tlacoquemecatl-Av. Insurgentes,S/N,3200,19.378818,-99.177054,BIKE,"19.378818,-99.177054",0901400010717
381,381 SAN LORENZO-MANZANAS,381 - San Lorenzo-Manzanas,S/N,3200,19.375541,-99.177894,BIKE,"19.375541,-99.177894",0901400010717
362,362 AUGUSTO RODIN-ALBERTO BALDERAS,362 - Augusto Rodin-Alberto Balderas,S/N,3710,19.382207,-99.181043,BIKE,"19.382207,-99.181043",0901400010577
354,354 BOSTON-AV. INSURGENTES,354 - Boston-Av. Insurgentes,S/N,3720,19.381665,-99.176685,BIKE,"19.381665,-99.176685",0901400010577
348,348 INDIANA-AVENIDA SAN ANTONIO,348 - Indiana-Avenida San Antonio,S/N,3710,19.385365,-99.178216,BIKE,"19.385365,-99.178216",0901400010577
353,353 CAROLINA-HOLBEIN,353 - Carolina-Holbein,S/N,3710,19.382168,-99.178808,"BIKE,TPV","19.382168,-99.178808",0901400010577
367,367 BOSTON -AUGUSTO RODÍN,367 - Boston -Augusto Rodín,S/N,3720,19.37946,-99.181632,BIKE,"19.37946,-99.181632",0901400010577
369,369 PORFIRIO DÍAZ-AV. INSURGENTES,369 - Porfirio Díaz-Av. Insurgentes,S/N,3740,19.379884,-99.177478,"BIKE,TPV","19.379884,-99.177478",0901400010577
366,366 PORFIRIO DÍAZ-AUGUSTO RODÍN,366 - Porfirio Díaz-Augusto Rodín,S/N,3740,19.378345,-99.181973,BIKE,"19.378345,-99.181973",0901400010577
347,347 PENNSYLVANIA-MAXIMINO AVILA CAMACHO,347 - Pennsylvania-Maximino Avila Camacho,S/N,3710,19.384378,-99.176097,"BIKE,TPV","19.384378,-99.176097",0901400010577
368,368 PORFIRIO DÍAZ-CINCINATTI,368 - Porfirio Díaz-Cincinatti,S/N,3740,19.379246,-99.179344,BIKE,"19.379246,-99.179344",0901400010577
352,352 TINTORETO-GIORGINE,352 - Tintoreto-Giorgine,S/N,3700,19.384114,-99.185447,"BIKE,TPV","19.384114,-99.185447",0901400010558
365,365 HOLBEIN-AVENIDA REVOLUCIÓN,365 - Holbein-Avenida Revolución,S/N,3700,19.381117,-99.186687,BIKE,"19.381117,-99.186687",0901400010558
364,364 BOTICHELLI-CDA. DE GIORGONE,364 - Botichelli-Cda. De Giorgone,S/N,3700,19.383063,-99.185858,BIKE,"19.383063,-99.185858",0901400010558
396,396 MARTÍN MENLALDE-FELIX CUEVAS,396 - Martín Menlalde-Felix Cuevas,S/N,3104,19.371554,-99.170187,BIKE,"19.371554,-99.170187",0901400010810
425,425 NICOLAS SAN JUAN-AVENIDA UNIVERSIDAD,425 - Nicolas San Juan-Avenida Universidad,S/N,3104,19.367087,-99.16741,BIKE,"19.367087,-99.16741",0901400010810
435,435 RODRIGUEZ SARO-AVENIDA COYOACÁN,435 - Rodriguez Saro-Avenida Coyoacán,S/N,3230,19.365154,-99.172906,BIKE,"19.365154,-99.172906",0901400010810
424,424 AMORES-JOSÉ MARÍA RICO (EJE 8),424 - Amores-José María Rico (Eje 8),S/N,3104,19.367208,-99.170531,BIKE,"19.367208,-99.170531",0901400010810
297,297 DIAGONAL SAN ANTONIO-ENRIQUE RÉBSAMEN,297 - Diagonal San Antonio-Enrique Rébsamen,S/N,3020,19.394412,-99.158907,BIKE,"19.394412,-99.158907",0901400010064
280,280 ANAXÁGORAS-OBRERO MUNDIAL,280 - Anaxágoras-Obrero Mundial,S/N,3020,19.4015,-99.156406,"BIKE,TPV","19.4015,-99.156406",0901400010064
281,281 PITÁGORAS-LA MORENA,281 - Pitágoras-La Morena,S/N,3020,19.398532,-99.157308,BIKE,"19.398532,-99.157308",0901400010064
295,295 ANAXÁGORAS-EJE 4 SUR XOLA,295 - Anaxágoras-Eje 4 Sur Xola,S/N,3020,19.396328,-99.156871,"BIKE,TPV","19.396328,-99.156871",0901400010064
341,341 SAN BORJA-AVENIDA CUAUHTEMOC,341 - San Borja-Avenida Cuauhtemoc,S/N,3020,19.382851,-99.158204,BIKE,"19.382851,-99.158204",0901400010420
340,340 ANAXÁGORAS-AVENIDA EUGENIA,340 - Anaxágoras-Avenida Eugenia,S/N,3020,19.385571,-99.158188,"BIKE,TPV","19.385571,-99.158188",0901400010420
339,339 ENRIQUE RÉBSAMEN-AVENIDA EUGENIA,339 - Enrique Rébsamen-Avenida Eugenia,S/N,3020,19.386032,-99.160548,BIKE,"19.386032,-99.160548",0901400010420
330,330 CALLE 15-AVENIDA PATRIOTISMO,330 - Calle 15-Avenida Patriotismo,S/N,3800,19.389358,-99.182606,BIKE,"19.389358,-99.182606",0901400010350
331,331 AVENIDA 2-CALLE 17,331 - Avenida 2-Calle 17,S/N,3800,19.388547,-99.183971,BIKE,"19.388547,-99.183971",0901400010350
329,329 CALLE 13-AVENIDA 1,329 - Calle 13-Avenida 1,S/N,3800,19.390306,-99.184812,BIKE,"19.390306,-99.184812",0901400010350
332,332 SUR DE CALLE 27-AVENIDA 3,332 - Sur De Calle 27-Avenida 3,S/N,3800,19.385508,-99.183809,BIKE,"19.385508,-99.183809",0901400010365
351,351 CALLE 27-AVENIDA REVOLUCIÓN,351 - Calle 27-Avenida Revolución,S/N,3800,19.385751,-99.186297,BIKE,"19.385751,-99.186297",0901400010365
387,387 CADIZ-EMPRESA,387 - Cadiz-Empresa,S/N,3920,19.37455556,-99.180505555556,BIKE,"19.37455556,-99.1805055556",0901400010702
384,384 EMPRESA-POUSSIN,384 - Empresa-Poussin,S/N,3920,19.375873,-99.185583,BIKE,"19.375873,-99.185583",0901400010702
383,383 LUIS CARACCI-2DA. LUIS CARACCI,383 - Luis Caracci-2da. Luis Caracci,S/N,3740,19.375764,-99.181527,BIKE,"19.375764,-99.181527",0901400010702
385,385 POUSSIN-EMPRESA,385 - Poussin-Empresa,S/N,3920,19.375651,-99.18558,"BIKE,TPV","19.375651,-99.18558",0901400010702
388,388 VALENCIA-MALAGA,388 - Valencia-Malaga,S/N,3920,19.373038,-99.181355,BIKE,"19.373038,-99.181355",0901400010793
417,417 GOYA-AUGUSTO RODÍN,417 - Goya-Augusto Rodín,S/N,3920,19.373262,-99.184333,"BIKE,TPV","19.373262,-99.184333",0901400010793
389,389 SANTANDER-FELIX CUEVAS,389 - Santander-Felix Cuevas,S/N,3920,19.373528,-99.179356,BIKE,"19.373528,-99.179356",0901400010793
418,418 GALICIA-ACTIPAN,418 - Galicia-Actipan,S/N,3920,19.371152,-99.183034,BIKE,"19.371152,-99.183034",0901400010793
386,386 POUSSIN-DONATELLO,386 - Poussin-Donatello,S/N,3920,19.37484,-99.185846,BIKE,"19.37484,-99.185846",0901400010793
419,419 ACTIPAN-CADIZ,419 - Actipan-Cadiz,S/N,3920,19.370606,-99.181502,BIKE,"19.370606,-99.181502",0901400010793
361,361 PORFIRIO DÍAZ-CAPULÍN,361 - Porfirio Díaz-Capulín,S/N,3100,19.380709,-99.17508,BIKE,"19.380709,-99.17508",0901400010581
355,355 CALIFORNIA-SACRAMENTO,355 - California-Sacramento,S/N,3100,19.38205,-99.173291,BIKE,"19.38205,-99.173291",0901400010581
345,345 MIRAFLORES-PATRICIO SANZ,345 - Miraflores-Patricio Sanz,S/N,3100,19.384498,-99.172223,BIKE,"19.384498,-99.172223",0901400010581
35,35 LIVERPOOL-GENOVA,035 - Liverpool - Genova,S/N,6500,19.424674,-99.163292,"BIKE,TPV","19.424674,-99.163292",090150001095A
34,34 LIVERPOOL-GENOVA,034 - Liverpool - Genova,S/N,5600,19.424725,-99.163331,BIKE,"19.424725,-99.163331",090150001095A
121,121 NIZA-CHAPULTEPEC,121 - Niza-Chapultepec,S/N,6500,19.424137,-99.161317,BIKE,"19.424137,-99.161317",090150001095A
33,E33 LONDRES-FLORENCIA,033 - Londres - Florencia,S/N,6500,19.424234,-99.166431,ELECTRIC_BIKE,"19.424234,-99.166431",090150001095A
116,116 LONDRES-ROMA,116 - Londres-Roma,S/N,6500,19.428985,-99.15664,BIKE,"19.428985,-99.15664",0901500010841
117,117 LONDRES-NAPOLES,117 - Londres-Napoles,S/N,6500,19.427132,-99.160369,BIKE,"19.427132,-99.160369",0901500010841
120,120 MARSELLA-NAPOLES,120 - Marsella-Nápoles,S/N,6500,19.425437,-99.159458,BIKE,"19.425437,-99.159458",0901500010841
31,31 HAMBURGO-INSURGENTES,031 - Hamburgo - Insurgentes,S/N,6500,19.427838,-99.161193,BIKE,"19.427838,-99.161193",0901500010841
118,118 LIVERPOOL-DINAMARCA,118 - Liverpool-Dinamarca,S/N,6500,19.427114,-99.158251,BIKE,"19.427114,-99.158251",0901500010841
24,24 REFORMA-VARSOVIA,024 - Reforma- Varsovia,S/N,6500,19.42647,-99.16822,"BIKE,TPV","19.42647,-99.16822",0901500010945
30,30 HAMBURGO-GENOVA,030 - Hamburgo - Genova,S/N,6500,19.426442,-99.164323,"BIKE,TPV","19.426442,-99.164323",0901500010945
25,25 REFORMA-ESTOCOLMO,025 - Reforma - Estocolmo,S/N,6500,19.427317,-99.166662,BIKE,"19.427317,-99.166662",0901500010945
22,22 REFORMA-MANCHESTER,022 - Reforma - Manchester,S/N,6500,19.424375,-99.172575,"BIKE,TPV","19.424375,-99.172575",0901500010945
28,28 TOLEDO-TOKIO,028 - Toledo- Tokio,S/N,6500,19.423542,-99.172494,BIKE,"19.423542,-99.172494",0901500010945
21,21 REFORMA-DUBLIN,021 - Reforma - Dublin,S/N,6500,19.42472,-99.17206,"BIKE,TPV","19.42472,-99.17206",0901500010945
23,23 REFORMA-PRAGA,023 - Reforma - Praga,S/N,6500,19.42517,-99.17105,BIKE,"19.42517,-99.17105",0901500010945
96,96 LOPEZ-AYUNTAMIENTO,096 - López-Ayuntamiento,S/N,6500,19.430625,-99.14248,BIKE,"19.430625,-99.14248",0901500010748
82,82 INDEPENDENCIA-MARROQUI,082 - Independencia - Marroquí,S/N,6100,19.433115,-99.143686,"BIKE,TPV","19.433115,-99.143686",0901500010748
48,48 INDEPENDENCIA-AZUETA,048 - Independencia - Azueta,S/N,6700,19.433686,-99.146557,BIKE,"19.433686,-99.146557",0901500010748
29,29 REFORMA-BUCARELI,029 - Reforma - Bucareli,S/N,6500,19.434913,-99.149939,"BIKE,TPV","19.434913,-99.149939",0901500010733
52,52 HIDALGO-TRUJANO,052 - Dolores - Juárez,S/N,6140,19.436236,-99.142039,"BIKE,TPV","19.436236,-99.142039",0901500010733
260,E260 AV JUAREZ-BALDERAS,260 - Av. Juárez-Balderas,S/N,,19.435354,-99.147742,ELECTRIC_BIKE,"19.435354,-99.147742",0901500010733
43,43 JUAREZ-REVILLAGIGEDO,043 - Revillagigedo - Juárez,S/N,6700,19.435228,-99.146063,"BIKE,TPV","19.435228,-99.146063",0901500010733
77,77 CHOAPAN-TAMAULIPAS,077 - Choapan - Tamaulipas,S/N,6100,19.406765,-99.178321,BIKE,"19.406765,-99.178321",0901500011411
72,72 MAZATLAN-ALFONSO REYES,072 - Mazatlán - Alfonso Reyes,S/N,6170,19.409893,-99.179544,BIKE,"19.409893,-99.179544",0901500011411
177,177 BENJAMIN HILL-CARLOS ZETINA,177 - BENJAMIN HILL-CARLOS ZETINA,S/N,,19.408841,-99.181692,BIKE,"19.408841,-99.181692",0901500011411
78,78 BENJAMIN HILL-TAMAULIPAS,078 - Benjamín Hill - Tamaulipas,S/N,6170,19.407503,-99.177382,"BIKE,TPV","19.407503,-99.177382",0901500011411
178,178 TAMAULIPAS-FRANCISCO MURGUÍA,178 - Tamaulipas-Francisco Murguía,S/N,,19.406833,-99.180457,"BIKE,TPV","19.406833,-99.180457",0901500011411
183,183 GABINO BARRERA-GUILLERMO PRIETO,183 - Gabino Barrera-Guillermo Prieto,S/N,,19.43767,-99.16402,BIKE,"19.43767,-99.16402",0901500010678
160,E160 ALFONSO HERRERA-GABINO BARRERA,160 - Alfonzo Herrera-Gabino Barrera,S/N,,19.44025,-99.16346,ELECTRIC_BIKE,"19.44025,-99.16346",0901500010678
103,103 JOAQUÍN VELÁZQUEZ DE LEÓN-GARCÍA ICAZBALCETA,103 JOAQUÍN VELÁZQUEZ DE LEÓN-GARCÍA ICAZBALCETA,s/n,,19.441669,-99.165217,BIKE,"19.441669,-99.165217",0901500010678
111,111 GUILLERMO PRIETO-JOAQUÍN VELÁZQUEZ DE LEÓN,111 GUILLERMO PRIETO-JOAQUÍN VELÁZQUEZ DE LEÓN,S/N,,19.4382369,-99.1659465,BIKE,"19.4382369,-99.1659465",0901500010678
4,4 RIO NILO-RIO PANUCO,004 - Río Nilo - Río Panuco,S/N,6500,19.428309,-99.171713,BIKE,"19.428309,-99.171713",0901500010926
2,2 RIO GUADALQUIVIR-RIO BALSAS,002 - Río Guadalquivir - Río Balsas,S/N,6500,19.431386,-99.171695,BIKE,"19.431386,-99.171695",0901500010926
9,9 RIO GUADALQUIVIR-RIO LERMA,009 - Río Guadalquivir - Río Lerma,S/N,6500,19.428009,-99.169918,BIKE,"19.428009,-99.169918",0901500010926
258,258 CIRCUITO INTERIOR-JUAN ESCUTIA,258 - Circuito Interior-Juan Escutia,S/N,,19.4167,-99.1791,BIKE,"19.4167,-99.1791",0901500011178
447,447 AGUSTÍN MELGAR-ZAMORA,447 AGUSTÍN MELGAR-ZAMORA,S/N,,19.418858,-99.176776,BIKE,"19.418858,-99.176776",0901500011178
60,60 MAZATLAN-FERNANDO MONTES DE OCA,060 - Mazatlán - Fernando Montes de Oca,S/N,6140,19.414191,-99.177123,BIKE,"19.414191,-99.177123",0901500011178
53,53 FERNANDO MONTES DE OCA-TULA,053 - Fernando Montes de Oca - Tula,S/N,6140,19.414773,-99.178433,BIKE,"19.414773,-99.178433",0901500011303
8,8 REFORMA-GENERAL PRIM,008 - Reforma - General Prim,S/N,6500,19.431141,-99.158317,BIKE,"19.431141,-99.158317",0901500010803
27,27 REFORMA-HAVRE,027 - Reforma- Havre,S/N,6500,19.429115,-99.162614,"BIKE,TPV","19.429115,-99.162614",0901500010803
115,115 ROMA-DINAMARCA,115 - Roma-Dinamarca,S/N,6500,19.429947,-99.159698,BIKE,"19.429947,-99.159698",0901500010803
26,26 REFORMA-VERSALLES,026 - Reforma - Versalles,S/N,6500,19.432685,-99.154726,"BIKE,TPV","19.432685,-99.154726",0901500010803
3,3 REFORMA-INSURGENTES,003 - Reforma - Insurgentes,S/N,6500,19.431655,-99.158668,"BIKE,TPV","19.431655,-99.158668",0901500010729
10,10 REFORMA-RAMIREZ,010 - Reforma - Ramírez,S/N,6500,19.433321,-99.154752,"BIKE,TPV","19.433321,-99.154752",0901500010729
57,57 CUERNAVACA-JUAN ESCUTIA,057 - Cuernavaca - Juan Escutia,S/N,6140,19.414903,-99.17495,BIKE,"19.414903,-99.17495",0901500011182
50,50 CUERNAVACA-VERACRUZ,050 - Cuernavaca - Veracruz,S/N,6140,19.416938,-99.173648,BIKE,"19.416938,-99.173648",0901500011182
54,54 PARQUE ESPAÑA-SONORA,054 - Parque España - Sonora,S/N,6700,19.416215,-99.170825,"BIKE,TPV","19.416215,-99.170825",0901500011182
58,58 PARQUE ESPAÑA-JUAN DE LA BARRERA,058 - Parque España - Juan de la Barrera,S/N,6140,19.41568,-99.171793,BIKE,"19.41568,-99.171793",0901500011182
49,49 MAZATLAN-JUAN DE LA BARRERA,049 - Mazatlán - Juan de la Barrera,S/N,6140,19.416712,-99.175704,BIKE,"19.416712,-99.175704",0901500011182
45,45 DURANGO-SONORA,045 - Durango - Sonora,S/N,6700,19.418649,-99.172127,"BIKE,TPV","19.418649,-99.172127",0901500011182
44,44 DURANGO-VERACRUZ,044 - Durango - Veracruz,S/N,6140,19.418057,-99.174761,BIKE,"19.418057,-99.174761",0901500011182
262,262 REPUBLICA DE CUBA-REPUBLICA DE BRASIL,262 - Republica de Cuba-Republica de Brasil,S/N,,19.43693,-99.13395,"BIKE,TPV","19.43693,-99.13395",0901500010644
91,91 REPUBLICA DE CUBA-ALLENDE,091 - Republica de Cuba-Allende,S/N,6500,19.4374,-99.137571,BIKE,"19.4374,-99.137571",0901500010644
41,41 REFORMA-AV. DE LA REPUBLICA,041 - Reforma - Av. de la República,S/N,6700,19.435637,-99.150137,"BIKE,TPV","19.435637,-99.150137",0901500010714
450,450 RAMOS ARIZPE-PUENTE DE ALVARADO,450 RAMOS ARIZPE-PUENTE DE ALVARADO,S/N,,19.43836,-99.152226,BIKE,"19.43836,-99.152226",0901500010714
270,270 DE LA REPUBLICA-PONCIANO ARRIAGA,270 - De la Republica-Ponciano Arriaga,S/N,,19.43676,-99.15387,"BIKE,TPV","19.43676,-99.15387",0901500010714
259,259 TÓMAS ALVA EDISON-PONCIANO ARRIAGA,259 - Tómas Alva Edison-Ponciano Arriaga,S/N,,19.43757,-99.15468,BIKE,"19.43757,-99.15468",090150001070A
162,162 TEHUANTEPEC-MEDELLÍN,162 - Tehuantepec-Medellín,S/N,,19.404907,-99.162485,BIKE,"19.404907,-99.162485",0901500011464
165,165 BAJÍO-EJE 2 PTE. MONTERREY,165 - Bajío-Eje 2 Pte. Monterrey,S/N,,19.404268,-99.160503,BIKE,"19.404268,-99.160503",0901500011464
261,261 PASEO DE LA REFORMA - RÍO DE LA PLATA,261 Paseo de la Reforma-Río de la Plata,S/N,,19.42495,-99.17246,BIKE,"19.42495,-99.17246",0901500010930
13,13 REFORMA-RIO MISSISSIPPI,013 - Reforma - Rio Mississippi,S/N,6500,19.42502,-99.17231,"BIKE,TPV","19.42502,-99.17231",0901500010930
7,7 RIO ELBA-RIO LERMA,007 - Río Elba - Río Lerma,S/N,6500,19.425468,-99.175166,BIKE,"19.425468,-99.175166",0901500010930
15,15 REFORMA-RIO MISSISSIPPI,015 - Reforma - Rio Mississippi,S/N,6500,19.425477,-99.171567,"BIKE,TPV","19.425477,-99.171567",0901500010930
14,14 REFORMA-RIO DE PLATA,014 - Reforma - Rio de Plata,S/N,6500,19.424768,-99.173261,BIKE,"19.424768,-99.173261",0901500010930
17,17 REFORMA-RIO TIBER,017 - Reforma - Rio Tiber,S/N,6500,19.427501,-99.167125,"BIKE,TPV","19.427501,-99.167125",0901500010930
16,16 REFORMA-RÍO TIBER,016 - Reforma - Rio Tiber,S/N,6500,19.427226,-99.168242,BIKE,"19.427226,-99.168242",0901500010930
6,6 RIO PANUCO-RIO SENA,006 - Río Pánuco - Río Sena,S/N,6500,19.430922,-99.166959,BIKE,"19.430922,-99.166959",0901500010822
5,5 RIO PANUCO-RIO TIBER,005 - Río Pánuco Río Tiber,S/N,6500,19.42972,-99.169363,BIKE,"19.42972,-99.169363",0901500010822
12,12 RIO LERMA-VILLALONGIN,012 - Río Lerma - Villalongin,S/N,6500,19.432313,-99.161597,BIKE,"19.432313,-99.161597",0901500010790
11,11 RIO AMAZONAS-RIO LERMA,011 - Río Amazonas - Rio Lerma,S/N,6500,19.430992,-99.163593,BIKE,"19.430992,-99.163593",0901500010790
1,1 RIO SENA-RIO BALSAS,001 - Río Sena-Río Balsas,S/N,6500,19.4335714,-99.1678091,"BIKE,TPV","19.4335714,-99.1678091",0901500010790
257,E257 MANUEL MARIA CONTRERAS-VILLALONGIN,257 - Manuel Maria Contreras-Villalongin,S/N,,19.4338,-99.16622,ELECTRIC_BIKE,"19.4338,-99.16622",0901500010790
155,E155 JALAPA-TLAXCALA,155 - Jalapa-Tlaxcala,S/N,,19.408218,-99.159911,ELECTRIC_BIKE,"19.408218,-99.159911",090150001138A
159,159 HUATABAMPO-EJE 1 PTE. AV. CUAUHTÉMOC,159 - Huatabampo-Eje 1 Pte. Av. Cuauhtémoc,S/N,,19.407517,-99.155373,BIKE,"19.407517,-99.155373",090150001138A
158,158 HUATABAMPO-EJE 1PTE. CUAUHTÉMOC,158 - Huatabampo- Eje 1 Pte. Av. Cuauhtémoc,S/N,,19.407447,-99.155717,"BIKE,TPV","19.407447,-99.155717",090150001138A
151,151 CAMPECHE-TONALÁ,151 - Campeche-Tonalá,S/N,,19.410529,-99.160873,BIKE,"19.410529,-99.160873",0901500011375
32,32 LONDRES-SEVILLA,032 - Londres - Sevilla,S/N,6500,19.422705,-99.169922,BIKE,"19.422705,-99.169922",0901500010983
264,264 HÉROES FERROCARRILEROS-AV. CENTRAL,264 - H. Ferrocarrileros - Jesús Garcia,S/N,,19.440985,-99.152935,BIKE,"19.440985,-99.152935",090150001049A
274,274 LUIS DONALDO COLOSIO-AV INSURGENTES NORTE,274 Luis Donaldo Colosio - Av. Insurgentes Norte,S/N,,19.442772,-99.153289,BIKE,"19.442772,-99.153289",090150001049A
176,176 AV. JESÜS GARCÏA-LUIS DONALDO COLOSIO,176-LUIS DONALDO COLOSIO - AV. JESÜS GARCÏA,S/N,,19.442689,-99.152286,BIKE,"19.442689,-99.152286",090150001049A
268,268 LUIS DONALDO COLOSIO-AV.JESÚS GARCÍA,268 Luis Donaldo Colosio - Av. Jesus Garcia,S/N,,19.442467,-99.151658,BIKE,"19.442467,-99.151658",090150001049A
269,269 LUIS DONALDO COLOSIO-ALDAMA,269 Luis Donaldo Colosio - Aldama,S/N,,19.442448,-99.151586,BIKE,"19.442448,-99.151586",090150001049A
271,271 AV. CENTRAL-J. MENESES,271 Av. Jesús García - J. Meneses,S/N,,19.443928,-99.152525,BIKE,"19.443928,-99.152525",090150001049A
273,273 LUIS DONALDO COLOSIO-AV. CENTRAL,273 Luis Donaldo Colosio - Av. Jesus Garcia,S/N,,19.442707,-99.152956,BIKE,"19.442707,-99.152956",090150001049A
272,272 AV. CENTRAL-J. MENESES,271 Av. Jesus Garcia - J. Meneses,S/N,,19.443556,-99.152556,BIKE,"19.443556,-99.152556",090150001049A
275,275 HÉROES FERROCARRILEROS-AV. INSURGENTES NORTE,275 Héroes Ferrocarrileros - Av. Jesús García,S/N,,19.441062,-99.153164,BIKE,"19.441062,-99.153164",090150001049A
265,265 HÉROES FERROCARRILEROS-JESÚS GARCIA,265 - Jesús Garcia-Héroes Ferrocarrileros,S/N,,19.440839,-99.152265,"BIKE,TPV","19.440839,-99.152265",090150001049A
267,267 AV. JESÜS GARCÏA-CARLOS J. MENESES,267 - Carlos J. Meneses - Av. jesús García,S/N,,19.443735,-99.152203,BIKE,"19.443735,-99.152203",090150001049A
266,266 AV. JESÚS GARCIA-CARLOS J. MENESES,266 - Av. Jesús Garcia -  Carlos J. Meneses,S/N,,19.444031,-99.152187,"BIKE,TPV","19.444031,-99.152187",090150001049A
59,59 POPOCATEPETL-AMSTERDAM,059 - Popocatépetl - Amsterdam,S/N,6100,19.415121,-99.166661,BIKE,"19.415121,-99.166661",090150001120A
64,64 SONORA-AMSTERDAM,064 - Sonora - Amsterdam,S/N,6100,19.412877,-99.166986,BIKE,"19.412877,-99.166986",090150001120A
56,56 ALVARO OBREGON-MEDELLIN,056 - Alvaro Obregón - Medellin,S/N,6700,19.416959,-99.165702,BIKE,"19.416959,-99.165702",090150001120A
47,47 GLORIETA CIBELES-OAXACA,047 - Glorieta Cibeles - Oaxaca,S/N,6700,19.419515,-99.166299,"BIKE,TPV","19.419515,-99.166299",0901500011093
51,51 COLIMA-OAXACA,051 - Colima - Oaxaca,S/N,6700,19.417995,-99.168248,BIKE,"19.417995,-99.168248",0901500011093
42,42 SINALOA-VALLADOLID,042 - Sinaloa - Valladolid,S/N,6700,19.420472,-99.168238,BIKE,"19.420472,-99.168238",0901500010998
39,39 PUEBLA-MEDELLÍN,039 - Puebla - Medellín,S/N,6700,19.421759,-99.16694,BIKE,"19.421759,-99.16694",0901500010998
40,40 OAXACA-PUEBLA,040 - Oaxaca - Puebla,S/N,6700,19.42223,-99.164297,BIKE,"19.42223,-99.164297",0901500010998
46,46 DURANGO-SALAMANCA,046 - Durango - Salamanca,S/N,6700,19.419214,-99.169732,BIKE,"19.419214,-99.169732",0901500010998
19,19 REFORMA-RIO RHIN,019 - Reforma - Río Rhin,S/N,6500,19.429241,-99.163377,"BIKE,TPV","19.429241,-99.163377",0901500010837
18,18 REFORMA-RIO RHIN,018 - Reforma - Río Rhin,S/N,6500,19.42888,-99.164176,"BIKE,TPV","19.42888,-99.164176",0901500010837
20,20 REFORMA-RIO TAMESIS,020 - Reforma- Rio Tamesis,S/N,6500,19.430964,-99.160206,BIKE,"19.430964,-99.160206",0901500010837
255,255 JOSE ROSAS MORENO-GUILLERMO PRIETO,255-Jose Rosas Moreno-Guillermo Prieto,S/N,,19.437159,-99.161808,BIKE,"19.437159,-99.161808",0901500010682
85,85 ROSAS MORENO-SULLIVAN,085 - Rosas Moreno - Sullivan,S/N,6470,19.43425,-99.162508,BIKE,"19.43425,-99.162508",0901500010682
174,174 JOAQUÍN GARCIA-IGNACIO MANUEL ALTAMIRANO,174 - Joaquín Garcia-Ignacio Manuel Altamirano,S/N,,19.44111,-99.16164,"BIKE,TPV","19.44111,-99.16164",0901500010682
93,93 PALMA NORTE-REPUBLICA DE CUBA,093 - Palma Norte-Republica de Cuba,S/N,6500,19.436741,-99.134811,BIKE,"19.436741,-99.134811",0901500010752
92,92 SAN ILDEFONSO-REPUBLICA DE ARGENTINA,092 - San Ildefonso-República de Argentina,S/N,6500,19.436531,-99.131497,BIKE,"19.436531,-99.131497",0901500010752
65,65 MARCONI-TACUBA,065 - Marconi - Tacuba,S/N,6170,19.436142,-99.139906,"BIKE,TPV","19.436142,-99.139906",0901500010752
62,62 FERNANDO MONTES DE OCA-AMATLAN,062 - Fernando Montes de Oca - Amatlan,S/N,6140,19.413322,-99.175202,BIKE,"19.413322,-99.175202",0901500011322
154,154 TUXPAN-TLAXCALA,154 - Tuxpan-Tlaxcala,S/N,,19.406683,-99.167962,"BIKE,TPV","19.406683,-99.167962",0901500011356
157,157 TEPIC-TLACOTALPAN,157 - Tepic-Tlacotalpan,S/N,,19.406236,-99.166616,BIKE,"19.406236,-99.166616",0901500011356
152,152 TLACOTALPAN-CAMPECHE,152 - Tlacotalpan-Campecha,S/N,,19.409098,-99.167181,"BIKE,TPV","19.409098,-99.167181",0901500011356
153,153 MANZANILLO-TLAXCALA,153 - Manzanillo-Tlaxcala,S/N,,19.407468,-99.165141,BIKE,"19.407468,-99.165141",0901500011356
150,150 CAMPECHE-MEDELLÍN,150 - Campeche-Medellín,S/N,,19.409965,-99.164292,BIKE,"19.409965,-99.164292",0901500011356
146,146 COAHUILA-MANZANILLO,146 - Coahuila-Manzanillo,S/N,,19.410737,-99.165716,BIKE,"19.410737,-99.165716",0901500011356
74,74 NUEVO LEON-OZULAMA,074 - Nuevo León - Ozulama,S/N,6100,19.410343,-99.172831,BIKE,"19.410343,-99.172831",0901500011197
61,61 AVENIDA MEXICO-SONORA,061 - Avenida México - Sonora,S/N,6100,19.413742,-99.169525,"BIKE,TPV","19.413742,-99.169525",0901500011197
71,71 AMSTERDAM-MICHOACAN,071 - Amsterdam - Michoacan,S/N,6100,19.411423,-99.171351,BIKE,"19.411423,-99.171351",0901500011197
70,70 PARQUE MEXICO-MICHOACAN,070 - Parque México - Michoacan,S/N,6100,19.411272,-99.169718,"BIKE,TPV","19.411272,-99.169718",0901500011197
63,63 NUEVO LEON- LAREDO,063 - Nuevo León - Laredo,S/N,6100,19.413681,-99.171531,"BIKE,TPV","19.413681,-99.171531",0901500011197
142,142 SAN LUIS POTOSI-EJE 2 PTE. MONTERREY,142 - San Luis Potosí-Eje 2 Pte. Monterrey,S/N,,19.413232,-99.164121,BIKE,"19.413232,-99.164121",0901500011214
145,145 EJE 2 SUR YUCATÁN-CHIAPAS,145 - Eje 2 Sur Yucatán-Chiapas,S/N,,19.41286,-99.160661,BIKE,"19.41286,-99.160661",0901500011214
147,147 COAHUILA-ORIZABA,147 - Coahuila-Orizaba,S/N,,19.412182,-99.158443,BIKE,"19.412182,-99.158443",0901500011214
156,156 TEPIC-AMENALCO,156 - Tepic-Amenalco,S/N,,19.407121,-99.162202,BIKE,"19.407121,-99.162202",0901500011360
126,126 JALAPA-PUEBLA,126 - Jalapa-Puebla,S/N,,19.422288,-99.162138,BIKE,"19.422288,-99.162138",0901500011002
129,129 TONALÁ-DURANGO,129 - Tonalá-Durango,S/N,,19.4206,-99.163312,BIKE,"19.4206,-99.163312",0901500011002
128,128 ORIZABA-RIO DE JANEIRO,128 - Orizaba-Río de Janeiro,S/N,6500,19.422148,-99.160645,"BIKE,TPV","19.422148,-99.160645",0901500011002
131,131 COLIMA-JALAPA,131 - Colima-Jalapa,S/N,,19.419579,-99.161314,BIKE,"19.419579,-99.161314",0901500011002
134,134 ÁLVARO OBREGÓN-ORIZABA,134 - Álvaro Obregón-Orizaba,S/N,,19.418304,-99.15956,"BIKE,TPV","19.418304,-99.15956",0901500011002
136,136 ÁLVARO OBREGÓN-TONALÁ,136 - Tonalá-Álvaro Obregón,S/N,,19.417715,-99.162729,"BIKE,TPV","19.417715,-99.162729",0901500011002
106,106 SAN JERONIMO-JOSE MARIA PINO SUAREZ,106 - San Jerónimo-José María Pino Suarez,S/N,6500,19.42649,-99.133537,BIKE,"19.42649,-99.133537",0901500010894
104,104 SAN JERONIMO-ISABEL LA CATOLICA,104 - San Jerónimo-Isabel la Católica,S/N,6500,19.427059,-99.137116,"BIKE,TPV","19.427059,-99.137116",0901500010894
100,100 20 DE NOVIEMBRE-MESONES,100 - 20 de Noviembre-Mesones,S/N,6500,19.428485,-99.1338,BIKE,"19.428485,-99.1338",0901500010894
101,101 1ER. CALLEJÓN DE MESONES-MESONES,1ER. CALLEJÓN DE MESONES - MESONES,S/N,,19.428366,-99.135895,BIKE,"19.428366,-99.135895",0901500010894
105,105 SAN JERONIMO-5 DE FEBRERO,105 - San Jerónimo-5 de Febrero,S/N,6500,19.426755,-99.135014,BIKE,"19.426755,-99.135014",0901500010894
97,97 REPUBLICA DE SALVADOR-PINO SUAREZ,097 - Republica de Salvador-Pino Suarez,S/N,6500,19.429189,-99.132759,"BIKE,TPV","19.429189,-99.132759",0901500010818
87,87 GANTE-VENUSTIANO CARRANZA,087 - Gante - Venustiano Carranza,S/N,,19.43182,-99.13974,"BIKE,TPV","19.43182,-99.13974",0901500010818
95,95 20 DE NOVIEMBRE-VENUSTIANO CARRANZA,095 - 20 de Noviembre-Venustiano Carranza,S/N,6500,19.430722,-99.133698,BIKE,"19.430722,-99.133698",0901500010818
90,90 JOSE MARIA PINO SUAREZ-CORREGIDORA,090 - José María Pino Suárez - Corregidora,S/N,,19.431698,-99.132446,"BIKE,TPV","19.431698,-99.132446",0901500010818
55,55 5 DE MAYO-BOLIVAR,055 - 5 de Mayo - Bolívar,S/N,6700,19.434356,-99.138064,"BIKE,TPV","19.434356,-99.138064",0901500010767
88,88 2A CDA 5 DE MAYO-PALMA,088 - 2a Cerrada de 5 de Mayo - Palma,S/N,,19.433815,-99.135303,BIKE,"19.433815,-99.135303",0901500010771
94,94 LIC. VERDAD-MONEDA,94 - Lic. Verdad-Moneda,S/N,,19.433766,-99.130918,BIKE,"19.433766,-99.130918",0901500010771
89,89 REPUBLICA DE GUATEMALA-MONTE DE PIEDAD,089 - República de Guatemala - Monte de Piedad,S/N,,19.434946,-99.133989,"BIKE,TPV","19.434946,-99.133989",0901500010771
180,180 QUINTANA ROO-VILLA HERMOSA,180 - Quintana Roo-Villa Hermosa,S/N,,19.404554,-99.169953,BIKE,"19.404554,-99.169953",0901500011430
161,161 QUINTANA ROO-MANZANILLO,161 - Quintana Roo-Manzanillo,S/N,,19.405533,-99.164913,BIKE,"19.405533,-99.164913",090150001145A
164,164 BAJÍO-TLACOTALPAN,164 - Bajío-Tlacotalpan,S/N,,19.403204,-99.16596,BIKE,"19.403204,-99.16596",090150001145A
181,181 BENJAMIN FRANKLIN-OMETUSCO,181 - Benjamin Franklin - Ometusco,S/N,,19.40472,-99.17448,BIKE,"19.40472,-99.17448",0901500011426
83,83 NUEVO LEON-ALFONSO REYES,083 - Nuevo León - Alfonso Reyes,S/N,6100,19.406296,-99.172117,"BIKE,TPV","19.406296,-99.172117",0901500011426
179,179 NUEVO LEÓN-QUINTANA ROO,179 - Nuevo León-Quintana Roo,S/N,,19.404452,-99.171438,BIKE,"19.404452,-99.171438",0901500011426
68,68 TAMAULIPAS-MICHOACAN,068 - Tamaulipas - Michoacan,S/N,6170,19.411556,-99.17406,"BIKE,TPV","19.411556,-99.17406",0901500011318
75,75 ALFONSO REYES-ATLIXCO,075 - Alfonso Reyes - Atlixco,S/N,6170,19.408722,-99.17669,BIKE,"19.408722,-99.17669",0901500011318
67,67 VICENTE SUAREZ-MICHOACAN,067 - Vicente Suárez - Michoacan,S/N,6170,19.411797,-99.17588,BIKE,"19.411797,-99.17588",0901500011318
66,66 MAZATLAN-FRANCISCO MARQUEZ,066 - Mazatlán - Francisco Marquez,S/N,6170,19.411402,-99.178666,BIKE,"19.411402,-99.178666",0901500011318
73,73 CAMPECHE-TAMAULIPAS,073 - Campeche - Tamaulipas,S/N,6170,19.410245,-99.175612,BIKE,"19.410245,-99.175612",0901500011318
69,69 MICHOACAN-AMSTERDAM,069 - Michoacán - Amsterdam,S/N,6100,19.410733,-99.168111,BIKE,"19.410733,-99.168111",0901500011341
80,80 NUEVO LEON-AGUASCALIENTES,080 - Nuevo León - Aguascalientes,S/N,6100,19.407307,-99.172118,BIKE,"19.407307,-99.172118",0901500011341
76,76 CHILPANCINGO-CAMPECHE,076 - Chilpancingo - Campeche,S/N,6100,19.408736,-99.169913,BIKE,"19.408736,-99.169913",0901500011341
81,81 AGUASCALIENTES-INSURGENTES,081 - Aguascalientes - Insurgentes,S/N,6100,19.408006,-99.168475,BIKE,"19.408006,-99.168475",0901500011341
84,84 CHILPANCINGO-TLAXCALA,084 - Chilpancingo - Tlaxcala,S/N,6100,19.40702,-99.169587,BIKE,"19.40702,-99.169587",0901500011341
79,79 SALTILLO-ALFONSO REYES,079 - Saltillo - Alfonso Reyes,S/N,6100,19.407534,-99.174427,BIKE,"19.407534,-99.174427",0901500011337
127,127 PUEBLA-MERIDA,127 -  Puebla-Merida,S/N,,19.423318,-99.15833,BIKE,"19.423318,-99.15833",0901500011017
132,132 COLIMA-FRONTERA,132 - Colima-Frontera,S/N,,19.420667,-99.15645,BIKE,"19.420667,-99.15645",0901500011017
137,137 ÁLVARO OBREGÓN-MÉRIDA,137 - Álvaro Obregón-Mérida,S/N,,19.418774,-99.157081,BIKE,"19.418774,-99.157081",0901500011017
133,133 COLIMA-MORELIA,133 - Colima-Morelia,S/N,,19.421138,-99.154725,BIKE,"19.421138,-99.154725",0901500011017
125,125 MORELIA-CIRCULAR DE MORELIA,125 - Morelia-Circular de Morelia,S/N,6500,19.424541,-99.156204,BIKE,"19.424541,-99.156204",0901500011017
130,130 MÉRIDA-DURANGO,130 - Mérida-Durango,S/N,,19.421576,-99.158015,BIKE,"19.421576,-99.158015",0901500011017
135,135 ÁLVARO OBREGÓN-MORELIA,135 - Álvaro Obregón-Morelia,S/N,,19.419225,-99.155099,"BIKE,TPV","19.419225,-99.155099",0901500011017
98,98 EMILIO DONDE-AV. BALDERAS,098 - Emilio Dondé-Av. Balderas,S/N,6500,19.430267,-99.14861,BIKE,"19.430267,-99.14861",0901500010860
108,E108 TOLSA-BALDERAS,108 - Tolsa-Balderas,S/N,6500,19.427305,-99.149533,ELECTRIC_BIKE,"19.427305,-99.149533",0901500010860
107,107 TOLSA-BALDERAS,107 - Tolsa-Balderas,S/N,6500,19.427329,-99.149971,BIKE,"19.427329,-99.149971",0901500010860
123,123 CLAUDIO BERNARD-DR. LAVISTA,123 - Claudio Bernard-Dr. Lavista,S/N,6500,19.424161,-99.153117,BIKE,"19.424161,-99.153117",0901500011534
124,124 CLAUDIO BERNARD-DR. LICEAGA,124 - Claudio Bernard-Dr. Liceaga,S/N,6500,19.422392,-99.150358,BIKE,"19.422392,-99.150358",0901500011534
112,112 AV. MORELOS-ABRAHAM GONZALEZ,112 - Av. Morelos-Abraham González,S/N,6500,19.432819,-99.151734,BIKE,"19.432819,-99.151734",0901500010856
119,119 TURÍN-ABRAHAM GONZÁLEZ,119 - Turín-Abraham González,S/N,,19.42679,-99.15554,BIKE,"19.42679,-99.15554",0901500010856
113,113 GENERAL PRIM-VERSALLES,113 - General Prim-Versalles,S/N,6500,19.430369,-99.154419,BIKE,"19.430369,-99.154419",0901500010856
114,114 LUCERNA-ABRAHAM GONZALEZ,114 - Lucerna-Abraham González,S/N,6500,19.428989,-99.153618,BIKE,"19.428989,-99.153618",0901500010856
122,122 JOSE MARIA VERTIZ-AV.DR. RIO DE LA LOZA,122 - José María Vértiz-Av. Dr. Río de la Loza,S/N,6500,19.425502,-99.146337,BIKE,"19.425502,-99.146337",0901500010875
448,448 DR. ANDRADE - ARCOS DE BELÉN,DR. ANDRADE ARCOS DE BELÉN,S/N,,19.426611,-99.14447,"BIKE,TPV","19.426611,-99.14447",0901500010875
99,99 ERNESTO PUGIBET-LUIS MOYA,99 - Ernesto Pugibet-Luis Moya,S/N,,19.42995,-99.14591,BIKE,"19.42995,-99.14591",0901500010875
110,110 DR. VALENZUELA-DR. RÍO DE LA LOZA,110 - Dr. Valenzuela-Dr. Río de la loza,S/N,,19.42513,-99.14339,BIKE,"19.42513,-99.14339",0901500010875
140,140 MÉRIDA-ZACATECAS,140 - Mérida-Zacatecas,S/N,,19.416605,-99.156853,BIKE,"19.416605,-99.156853",0901500011110
148,148 COAHUILA-AV.CUAUHTEMOC,148 - Coahuila-Av. Cuauhtémoc,S/N,,19.412829,-99.155116,BIKE,"19.412829,-99.155116",0901500011110
143,143 CÓRDOBA-SAN LUIS POTOSÍ,143 - Córdoba-San Luis Potosí,S/N,,19.414303,-99.157542,BIKE,"19.414303,-99.157542",0901500011110
138,138 GUANAJUATO-FRONTERA,138 - Guanajuato-Frontera,S/N,,19.417702,-99.155313,BIKE,"19.417702,-99.155313",0901500011110
149,149 MÉRIDA-ANTONIO ANZA,149 - Mérida-Antonio Anza,S/N,,19.41199,-99.155699,BIKE,"19.41199,-99.155699",0901500011110
144,144 FRONTERA-SAN LUIS POTOSÍ,144 - Frontera-San Luis Potosí,S/N,,19.415192,-99.154837,BIKE,"19.415192,-99.154837",0901500011110
139,E139 TONALÁ-GUANJUATO,139 - Tonalá-Guanajuato,S/N,,19.416128,-99.162097,ELECTRIC_BIKE,"19.416128,-99.162097",0901500011106
141,141 ZACATECAS-LUIS CABRERA,141 - Zacatecas-Luis Cabrera,S/N,,19.415905,-99.15954,"BIKE,TPV","19.415905,-99.15954",0901500011106
460,460 JUAN VÁZQUEZ DE MELLA-HOMERO,460 JUAN VÁZQUEZ DE MELLA-HOMERO,S/R,,19.437014,-99.207932,BIKE,"19.437014,-99.207932",0901600010622
240,240 EJERCITO NACIONAL-F.C. DE CUERNAVACA,204- Ejercito Nacional-F.C. de Cuernavaca,S/N,,19.43855,-99.2063,"BIKE,TPV","19.43855,-99.2063",0901600010622
241,E241 EJERCITO NAL-JUAN VAZQUEZ DE LA MELLA,241 - Ejercito Nacional-Juan Vazquez de la Mella,S/N,,19.43862,-99.20758,ELECTRIC_BIKE,"19.43862,-99.20758",0901600010622
200,200 EMERSON-AV. EJERCITO NACIONAL,200 - Emerson-Av. Ejército Nacional,S/N,11510,19.437596,-99.188785,BIKE,"19.437596,-99.188785",0901600010660
201,201 LOPE DE VEGA-EJERCITO NACIONAL,201 - Lope de Vega-Ejército Nacional,S/N,11510,19.437431,-99.187215,BIKE,"19.437431,-99.187215",0901600010660
208,208 HESIODO-LAMARTINE,208 - Hesiodo-Lamartine,S/N,11510,19.434182,-99.189835,BIKE,"19.434182,-99.189835",0901600010660
253,253 DANTE-TOLSTOI,253 - Dante-Tolstoi,S/N,11510,19.425835,-99.177924,"BIKE,TPV","19.425835,-99.177924",090160001068A
207,207 TASSO-HOMERO,207 - Tasso-Homero,S/N,11510,19.434861,-99.183322,BIKE,"19.434861,-99.183322",090160001068A
239,239 RINCON DEL BOSQUE-RUBEN DARÍO,239 - Rincon del Bosque-Ruben Dario,S/N,11510,19.430153,-99.181355,BIKE,"19.430153,-99.181355",090160001068A
250,250 DARWIN-MARIANO ESCOBEDO,250 - Darwin-Mariano Escobedo,S/N,11510,19.429057,-99.17966,"BIKE,TPV","19.429057,-99.17966",090160001068A
247,E247 HERSCHEL-ROUSSEAU,247 - Herschel-Rousseau,S/N,11510,19.432276,-99.18064,ELECTRIC_BIKE,"19.432276,-99.18064",090160001068A
226,226 WALLON-PRESIDENTE MASARYK,226 - Wallon-Presidente Masaryk,S/N,11511,19.431033,-99.18222,BIKE,"19.431033,-99.18222",090160001068A
217,217 EULER-AV. HORACIO,217 - Euler-Horacio,S/N,11510,19.432888,-99.183605,"BIKE,TPV","19.432888,-99.183605",090160001068A
467,E467  LAGO MAYOR-LAGO ALBERTO,467  LAGO MAYOR-LAGO ALBERTO,S/N,,19.440399,-99.186784,ELECTRIC_BIKE,"19.440399,-99.186784",0901600010478
476,476 LAGO COMO-LAGUNA DE MAYRÁN,476 LAGO COMO-LAGUNA DE MAYRÁN,S/N,,19.442127,-99.184433,"BIKE,TPV","19.442127,-99.184433",0901600010478
245,245 LAGO ONEGA-AV. EJERCITO NACIONAL,245 - Lago Onega-Av. Ejército Nacional,S/N,11510,19.43819,-99.19048,BIKE,"19.43819,-99.19048",0901600010571
196,196 LAGO TANGANICA-AV. EJERCITO NACIONAL,196 - Lago Tanganica- Av. Ejército Nacional,S/N,11510,19.438349,-99.192904,BIKE,"19.438349,-99.192904",0901600010571
244,244 MIGUEL DE CERVANTES SAAVEDRA-LAGO VICTORIA,244 - Miguel de Cervantes Saavedra-Lago Victoria,S/N,11510,19.440885,-99.193315,BIKE,"19.440885,-99.193315",0901600010571
473,473 BAHÍA DEL ESPÍRITU SANTO-BAHÍA DE BANDERAS,473 BAHÍA DEL ESPÍRITU SANTO-BAHÍA DE BANDERAS,S/N,,19.438143,-99.17519,"BIKE,TPV","19.438143,-99.17519",0901600010590
202,202 CALDERON DE LA BARCA-AV. HOMERO,202 - Calderón de la Barca-Av. Homero,S/N,11510,19.43617,-99.198943,BIKE,"19.43617,-99.198943",0901600010641
215,215 EDGAR ALAN POE-HORACIO,215 - Edgar Alan Poe-Horacio,S/N,11510,19.43384,-99.19968,BIKE,"19.43384,-99.19968",0901600010641
199,199 ANATOLE FRANCE-AV. EJERCITO NACIONAL,199 - Anatole France-Av. Ejército Nacional,S/N,11510,19.437934,-99.197241,BIKE,"19.437934,-99.197241",0901600010641
249,249 SHAKESPEARE-DARWIN,249 - Shakespeare-Darwin,S/N,11510,19.429877,-99.177569,BIKE,"19.429877,-99.177569",0901600010694
246,246 LEIBNITZ-THIERS,246 - Leibnitz-Thiers,S/N,11510,19.434147,-99.179835,BIKE,"19.434147,-99.179835",0901600010694
248,248 SHAKESPEARE-LAFAYETTE,248 - Shakespeare-Lafayette,S/N,11510,19.43175,-99.177399,BIKE,"19.43175,-99.177399",0901600010694
466,466  LAGO ONEGA-LAGO LADOGA,466  LAGO ONEGA-LAGO LADOGA,S/N,,19.44269,-99.19083,BIKE,"19.44269,-99.19083",0901600010463
219,219 ESOPO-FC DE CUERNAVACA,219 - Esopo-FC de Cuernavaca,S/N,11510,19.433542,-99.207808,BIKE,"19.433542,-99.207808",0901600010637
198,198 SÓCRATES-EJERCITO NACIONAL,198 - Sócrates-Ejercito Nacional,S/N,,19.438168,-99.203888,"BIKE,TPV","19.438168,-99.203888",0901600010637
213,213 SOLÓN-CICERÓN,213 - Solón-Cicerón,S/N,11510,19.43432,-99.20632,BIKE,"19.43432,-99.20632",0901600010637
220,220 PLINIO-PRESIDENTE MASARYK,220 - Plino-Presidente Masaryk,S/N,11510,19.432655,-99.205727,BIKE,"19.432655,-99.205727",0901600010637
206,206 MOLIERE-HOMERO,206 - Moliere-Homero,S/N,,19.435798,-99.201419,"BIKE,TPV","19.435798,-99.201419",0901600010637
209,209 SOLON-HORACIO,209 - Solón-Horacio,S/N,11510,19.435478,-99.206359,BIKE,"19.435478,-99.206359",0901600010637
214,214 PLATÓN-HORACIO,214 - Platón-Horacio,S/N,,19.434353,-99.20322,BIKE,"19.434353,-99.20322",0901600010637
212,212 HEGEL-HORACIO,212 - Hegel-Horacio,S/N,11510,19.433567,-99.188096,"BIKE,TPV","19.433567,-99.188096",0901600010675
211,211 NEWTON-HORACIO,211 - Newton-Horacio,S/N,11510,19.433607,-99.188528,BIKE,"19.433607,-99.188528",0901600010675
205,205 TAINE-HOMERO,205 - Taine-Homero,S/N,11510,19.435525,-99.184713,BIKE,"19.435525,-99.184713",0901600010675
218,218 HEGEL-IBARBOUROU,218 - Hegel-Ibarbourou,S/N,11510,19.432451,-99.188033,BIKE,"19.432451,-99.188033",0901600010675
243,243 MIGUEL DE CERVANTES SAAVEDRA-LAGO FILT,243 - Miguel de Cervantes Saavedra-Lago Filt,S/N,11510,19.440839,-99.196712,BIKE,"19.440839,-99.196712",0901600010552
191,191 GDOR RAFAEL REBOLLAR-GDOR VICENTE EGUIA,191 - Gobernador Rafael Rebollar-Gobernador Vicente Eguia,S/N,,19.4079,-99.18795,BIKE,"19.4079,-99.18795",0901600011160
189,189 GDOR RAFAEL REBOLLAR-GDOR JOSÉ CEBALLOS,189 - Gobernador Rafael Rebollar-Gobernador José Ceballos,S/N,,19.41004,-99.18798,BIKE,"19.41004,-99.18798",0901600011160
188,188 GDOR MELCHOR MÚZQUIZ-GDOR IGNACIO ESTEVA,188 - Gobernador Melchor Múzquiz-Gobernador Ignacio Esteva,S/N,,19.41171,-99.19014,"BIKE,TPV","19.41171,-99.19014",0901600011160
457,E457 AV. PRADO NORTE-EXPLANADA,457 AV. PRADO NORTE-EXPLANADA,S/N,,19.42703,-99.212845,ELECTRIC_BIKE,"19.42703,-99.212845",0901600010872
456,456 ALPES-MONTES ESCANDINAVOS,456 ALPES-MONTES ESCANDINAVOS,S/N,,19.427517,-99.208412,BIKE,"19.427517,-99.208412",0901600010887
170,170 OBSERVATORIO ORIENTE-REVOLUCIÓN,170 - Observatorio Oriente-Revolución,S/N,,19.404029,-99.184342,BIKE,"19.404029,-99.184342",0901600011175
173,173 MINERÍA-JOSÉ MARTÍ,173 - Minería-Jose Martí,S/N,,19.401682,-99.176398,BIKE,"19.401682,-99.176398",0901600011207
285,285 12 DE OCTUBRE-MINERIA,285 - 12 De Octubre-Mineria,S/N,11800,19.3997946,-99.1775178,BIKE,"19.3997946,-99.1775178",0901600011207
452,452 LEIBNITZ-AV. EJERCITO NACIONAL,452 LEIBNITZ-AV. EJERCITO NACIONAL,S/N,,19.435031,-99.179838,BIKE,"19.435031,-99.179838",0901600010707
190,E190 GDOR IGNACIO ESTEVA-MTRO JOSÉ VASCONCELOS,190 - Gobernador Ignacio Esteva-Maestro José Vasconcelos,S/N,,19.409569,-99.183833,ELECTRIC_BIKE,"19.409569,-99.183833",0901600011029
186,186 GREGORIO V GELATI-FRANCISCO MOLINOS DEL C,186 - Gregorio V. Gelati-Francisco Molinos del C.,S/N,,19.4124291,-99.1885117,BIKE,"19.4124291,-99.1885117",0901600011029
187,187 GENERAL CANO-GOBERNADOR GREGORIO V GELATI,187 - Genral Cano-Gobernador Gregorio V. Gelati,S/N,,19.41123,-99.18551,BIKE,"19.41123,-99.18551",0901600011029
286,286 13 DE SEPTIEMBRE-AVENIDA PATRIOTISMO,286 - 13 De Septiembre-Avenida Patriotismo,S/N,11800,19.399201,-99.179943,BIKE,"19.399201,-99.179943",0901600011211
287,287 13 DE SEPTIEMBRE-PUENTE DE LA MORENA,287 - 13 De Septiembre-Puente De La Morena,S/N,11800,19.398946,-99.183254,BIKE,"19.398946,-99.183254",0901600011211
232,232 TAINE-RUBEN DARÍO,232 - Taine -  Rubén Darío,S/N,,19.42894,-99.185389,BIKE,"19.42894,-99.185389",0901600010783
225,225 PETRARCA-PRESIDENTE MASARYK,225 - Petrarca-Presidente Masaryk,S/N,11510,19.431172,-99.185612,BIKE,"19.431172,-99.185612",0901600010783
224,224 HEGEL-PRESIDENTE MASARYK,224 - Hegel-Presidente Masaryk,S/N,11510,19.431255,-99.188065,BIKE,"19.431255,-99.188065",0901600010783
234,234 TRES PICOS-ARQUÍMIDES,234 - Tres Picos-Arquímides,S/N,,19.42783,-99.191539,BIKE,"19.42783,-99.191539",0901600010783
251,251 GOETHE-DARWIN,251 - Goethe-Darwin,S/N,11510,19.429261,-99.17538,BIKE,"19.429261,-99.17538",0901600010711
252,252 VICTOR HUGO-SHAKESPEARE,252 - Víctor Hugo-Shakespeare,S/N,11510,19.427575,-99.17702,BIKE,"19.427575,-99.17702",0901600010711
229,229 DICKENS-SENECA,229 - Dickens-Seneca,S/N,11510,19.430515,-99.203331,BIKE,"19.430515,-99.203331",0901600010745
235,235 CAMPOS ELISEOS-MOLIERE,235 - Campos Eliseos-Moliere,S/N,,19.42933,-99.20218,BIKE,"19.42933,-99.20218",0901600010745
236,236 CAMPOS ELISEOS-MOLIERE,236 - Campos Eliseos-Moliere,S/N,,19.42944,-99.20243,BIKE,"19.42944,-99.20243",0901600010745
451,451 CAMPOS ELÍSEOS-GOLDSMITH,451 CAMPOS ELÍSEOS-GOLDSMITH,S/N,,19.42902,-99.201322,BIKE,"19.42902,-99.201322",0901600010745
233,233 JULIO VERNE-LUIS G. URBINA,233 - Julio Verne-Luis G. Urbina,S/N,11510,19.429314,-99.196965,"BIKE,TPV","19.429314,-99.196965",090160001075A
228,228 CAMPOS ELÍSEOS-JEAN DE LA FONTAINE,228 - Campos Elíseos-Jean de La fontaine,S/N,11510,19.427705,-99.19912,"BIKE,TPV","19.427705,-99.19912",090160001075A
221,221 EMILIO CASTELAR-PRESIDENTE MASARYK,221 - Emilio Castelar-Presidente Masaryk,S/N,11510,19.431799,-99.201565,"BIKE,TPV","19.431799,-99.201565",090160001075A
230,230 EDGAR ALAN POE-DICKENS,230 - Edgar Alan Poe-Dickens,S/N,11510,19.430098,-99.200074,BIKE,"19.430098,-99.200074",090160001075A
203,203 TENNYSON-AV. HOMERO,203 - Tennyson-Av. Homero,S/N,11510,19.435985,-99.194832,BIKE,"19.435985,-99.194832",0901600010656
210,210 EUGENIO SUE-HORACIO,210 Eugenio Sue-Horacio,S/N,,19.434076,-99.194091,BIKE,"19.434076,-99.194091",0901600010656
204,204 TEMISTOCLES-HOMERO,204 - Temistocles-Homero,S/N,11510,19.435882,-99.19152,BIKE,"19.435882,-99.19152",0901600010656
216,216 ALEJANDRO DUMAS-HORACIO,216 - Alejandro Dumas-Horacio,S/N,11510,19.433419,-99.195746,"BIKE,TPV","19.433419,-99.195746",0901600010656
462,462 PRESA FALCÓN-DANXHÓ,462 PRESA FALCÓN-DANXHÓ,S/N,,19.442338,-99.205198,BIKE,"19.442338,-99.205198",0901600010444
242,242 MIGUEL DE CERVANTES SAAVEDRA-PROL MOLIERE,242 - Miguel de Cervantes Saavedra-Pról. Moliere,S/N,11510,19.440344,-99.20105,BIKE,"19.440344,-99.20105",0901600010444
463,463 LAGO ANDRÓMACO-LAGO ZURICH,463 LAGO ANDRÓMACO-LAGO ZURICH,S/N,,19.442338,-99.202492,BIKE,"19.442338,-99.202492",0901600010444
197,197 MIGUEL DE CERVANTES-FC DE CUERNAVACA,197 - Miguel de Cervantes Saavedra-Ferrocarril de Cuernavaca,S/N,,19.440077,-99.204316,"BIKE,TPV","19.440077,-99.204316",0901600010444
464,E464 MATEO ALEMÁN-PROLONGACIÓN MOLIERE,464 MATEO ALEMÁN-PROLONGACIÓN MOLIERE,S/N,,19.442421,-99.199838,ELECTRIC_BIKE,"19.442421,-99.199838",0901600010459
455,455 PEDREGAL-FERROCARRIL DE CUERNAVACA,455 PEDREGAL-FERROCARRIL DE CUERNAVACA,S/N,,19.426308,-99.203302,BIKE,"19.426308,-99.203302",0901600010995
453,453 PEDREGAL-TEAPA,453 PEDREGAL-TEAPA,S/N,,19.424842,-99.203739,BIKE,"19.424842,-99.203739",0901600010995
454,E454 MONTES URALES-MONTE PELVOUX,454 MONTES URALES-MONTE PELVOUX,S/N,,19.425905,-99.204236,ELECTRIC_BIKE,"19.425905,-99.204236",0901600010995
182,182 PROGRESO-ASTRONOMOS,182 - PROGRESO-ASTRONOMOS,S/N,,19.402089,-99.17139,"BIKE,TPV","19.402089,-99.17139",0901600011226
175,E175 MUTUALISMO-JOSÉ MARTí,175 - Mutualismo-José Martí,S/N,,19.400767,-99.172533,ELECTRIC_BIKE,"19.400767,-99.172533",0901600011226
469,E469 BAHÍA DE LA CONCEPCIÓN-BAHÍA DE TODOS LOS SAN,469BAHÍA DELA CONCEPCIÓN-BAHÍA DE TODOS LOS SANTOS,S/N,,19.434183,-99.173089,ELECTRIC_BIKE,"19.434183,-99.173089",0901600010603
468,468 LAGO XOCHIMILCO-AV. EJÉRCITO NACIONAL,468 LAGO XOCHIMILCO-AV. EJÉRCITO NACIONAL,S/N,,19.434183,-99.173089,BIKE,"19.434183,-99.173089",0901600010603
472,E472 BAHÍA SANTA BÁRBARA-BAHÍA DE BALLENAS,472 BAHÍA SANTA BÁRBARA-BAHÍA DE BALLENAS,S/N,,19.437667,-99.17711,ELECTRIC_BIKE,"19.437667,-99.17711",0901600010603
470,470 BAHÍA DE LAS PALMAS-BAHÍA DE TODOS LOS SANTOS,470 BAHÍA DE LAS PALMAS-BAHÍA DE TODOS LOS SANTOS,S/N,,19.435039,-99.173879,BIKE,"19.435039,-99.173879",0901600010603
471,471 BAHÍA DE CHACHALACAS-BAHÍA SANTA BÁRBARA,471 BAHÍA DE CHACHALACAS-BAHÍA SANTA BÁRBARA,S/N,,19.436287,-99.174888,BIKE,"19.436287,-99.174888",0901600010603
477,477 LAGO ISEO-LAGUNA DE MAYRÁN,477 LAGO ISEO-LAGUNA DE MAYRÁN,S/N,,19.440905,-99.181743,BIKE,"19.440905,-99.181743",0901600010482
480,480 LAGO ISEO-AV. MARINA NACIONAL,480 LAGO ISEO-AV. MARINA NACIONAL,S/N,,19.446073,-99.181654,BIKE,"19.446073,-99.181654",0901600010482
479,E479 LAGO MURITZ-AV. MARINA NACIONAL,479 LAGO MURITZ-AV.MARINA NACIONAL,S/N,,19.444433,-99.179664,ELECTRIC_BIKE,"19.444433,-99.179664",0901600010482
474,474 BAHÍA DE SAN HIPÓLITO-BAHÍA DEL ESPÍRITU SANTO,474 BAHÍA DE SAN HIPÓLITO-BAHÍA DEL ESPÍRITU SANTO,S/N,,19.438984,-99.177549,BIKE,"19.438984,-99.177549",0901600010482
475,475 LAGO MURITZ-LAGO ALBERTO,475 LAGO MURITZ-LAGO ALBERTO,S/N,,19.439249,-99.181065,BIKE,"19.439249,-99.181065",0901600010482
478,478 LAGUNA DE MAYRÁN-LAGO CHALCO,478 LAGUNA DE MAYRÁN-LAGO CHALCO,S/N,,19.440818,-99.176961,BIKE,"19.440818,-99.176961",0901600010482
237,237 ANDRÉS BELLO-ELLIOT,237 - Andrés Bello-Elliot,S/N,,19.426744,-99.193986,"BIKE,TPV","19.426744,-99.193986",0901600010779
231,231 NEWTON-ARISTOTELES,231 - Newton-Aristoteles,S/N,11510,19.42977,-99.19349,BIKE,"19.42977,-99.19349",0901600010779
222,E222 ALEJANDRO DUMAS-PRESIDENTE MASARYK,222 - Alejandro Dumas-Presidente Masarik,S/N,11510,19.431417,-99.195774,ELECTRIC_BIKE,"19.431417,-99.195774",0901600010779
238,238 ANDRÉS BELLO-ELLIOT,238 - Andrés Bello-Elliot,S/N,,19.426765,-99.193752,BIKE,"19.426765,-99.193752",0901600010779
223,223 NEWTON-PRESIDENTE MASARYK,223 - Newton-Presidente Masarik,S/N,,19.431242,-99.191613,"BIKE,TPV","19.431242,-99.191613",0901600010779
465,465 LAGUNA DE GINEBRA-LAGO WETTER,465 LAGUNA DE GINEBRA-LAGO WETTER,S/N,,19.445039,-99.194078,BIKE,"19.445039,-99.194078",0901600011349
167,167 GENERAL SALVADOR ALVARADO-PROGRESO,167 - General Salvador Alvarado-Progreso,S/N,,19.404651,-99.179375,BIKE,"19.404651,-99.179375",090160001118A
166,166 PROGRESO-CDA. ANTONIO MACEO,166 - Progreso-Cda. Antonio Maceo,S/N,,19.406069,-99.183549,BIKE,"19.406069,-99.183549",090160001118A
168,168 COMERCIO-PROGRESO,168 - Comercio-Progreso,S/N,,19.403997,-99.1776,"BIKE,TPV","19.403997,-99.1776",090160001118A
169,169 PROSPERIDAD-PROGRESO,169 - Prosperidad-Progreso,S/N,,19.403019,-99.174934,BIKE,"19.403019,-99.174934",090160001118A
172,172 GENERAL FRANCISCO MURGUIA-JOSE MARTÍ,172 - General Francisco Murguia-Jose Martí,S/N,,19.4034921,-99.1816002,BIKE,"19.4034921,-99.1816002",090160001118A
171,171 COMERCIO-JOSE MARTÍ,171 - Comercio-Jose Martí,S/N,,19.402584,-99.178199,BIKE,"19.402584,-99.178199",090160001118A
461,461 PRESA DON MARTÍN-BOULEVARD MIGUEL DE CERVANTES,461 PRESA DON MARTÍN-BOULEVARD MIGUEL DE CERVANTES,S/N,,19.440106,-99.210031,BIKE,"19.440106,-99.210031",0901600010533
194,194 CTO MAHATMA GANDHI-AV. PASEO DE LA REFORMA,194 - Av. Paseo de la Reforma-Circuito Mahatma Gandhi,S/N,11510,19.424282,-99.180334,"BIKE,TPV","19.424282,-99.180334",0901600010798
192,192 RUBEN DARIO-REFORMA,192 - Rubén Darío-Reforma,S/N,11510,19.42592,-99.190755,"BIKE,TPV","19.42592,-99.190755",0901600010798
193,193 RUBEN DARIO-REFORMA,193 - Rubén Darío.Reforma,S/N,11510,19.425907,-99.190733,BIKE,"19.425907,-99.190733",0901600010798
195,195 AV. PASEO DE LA REFORMA-CTO MAHATMA GANDHI,195 - Circuito Mahatma Gandhi-Av. Paseo de la Reforma,S/N,,19.424926,-99.185147,"BIKE,TPV","19.424926,-99.185147",0901600010798
184,184 GRAL GÓMEZ PEDRAZA-GOBERNADOR TIBURCIO M,184 - General Gómez Pedraza-Gobernador Tiburcio Montiel,S/N,,19.41479,-99.18508,"BIKE,TPV","19.41479,-99.18508",0901600010891
185,185 GRAL ANTONIO LÉON-GRAL PEDRO A DE LOS S.,185 - General Antonio Léon-General Pedro Antonio de los Santos,S/N,,19.4128,-99.1828,BIKE,"19.4128,-99.1828",0901600010891
458,458 MONTES URALES-VOLCÁN,458 MONTES URALES-VOLCÁN,S/N,,19.428679,-99.206605,BIKE,"19.428679,-99.206605",0901600010849
459,E459 VOLCÁN-MONTES URALES,459 VOLCÁN-MONTES URALES,S/N,,19.429243,-99.207267,ELECTRIC_BIKE,"19.429243,-99.207267",0901600010849
227,227 CAMPOS ELÍSEOS-PERIFÉRICO,227 - Campos Elíseos-Periférico,S/N,,19.431791,-99.207373,BIKE,"19.431791,-99.207373",0901600010849
